,id,tag_name,active,measurement_id,tag_set_ids,tags,default_unit_id
0,124,Occupied Heating Setpoint,True,1,"[15, 2, 4, 62, 51, 55]","['air', 'sp', 'temp', 'zone', 'heating', 'occ']",
1,118,Outside Air Carbon Dioxide,True,6,"[15, 8, 1, 24]","['air', 'co2', 'sensor', 'outside']",
2,130,Return Air Temperature Setpoint,True,1,"[15, 2, 4, 63]","['air', 'sp', 'temp', 'return']",
3,84,Dual-Temp Coil Discharge Air Temperature,True,1,"[15, 36, 47, 1, 4, 250]","['air', 'discharge', 'dualTemp', 'sensor', 'temp', 'coil']",
4,81,Reheat Coil Discharge Air Temperature,True,1,"[15, 36, 44, 1, 4, 250]","['air', 'discharge', 'reheats', 'sensor', 'temp', 'coil']",
5,127,Standby Cooling Setpoint,True,1,"[15, 2, 57, 4, 62, 50]","['air', 'sp', 'standby', 'temp', 'zone', 'cooling']",
6,106,Filter Differential Pressure,True,37,"[15, 58, 6, 1, 27]","['air', 'delta', 'pressure', 'sensor', 'filter']",
7,151,Relief Air Damper Position,True,7,"[15, 3, 11, 64]","['air', 'cmd', 'damper', 'relief']",
8,133,Return Air Humidify Setpoint,True,2,"[15, 2, 52, 63]","['air', 'sp', 'humidify', 'return']",
9,76,Outside Air Temperature,True,1,"[15, 24, 1, 4]","['air', 'outside', 'sensor', 'temp']",
10,173,Zone Differential Pressure,True,37,"[15, 58, 6, 1, 62]","['air', 'delta', 'pressure', 'sensor', 'zone']",
11,172,Return Air Velocity Pressure,True,37,"[15, 59, 6, 1, 63]","['air', 'dynamic', 'pressure', 'sensor', 'return']",
12,145,Zone Carbon Dioxide Setpoint,True,6,"[15, 8, 2, 62]","['air', 'co2', 'sp', 'zone']",
13,140,Outside Air Flow Setpoint,True,4,"[15, 7, 2, 24]","['air', 'flow', 'sp', 'outside']",
14,152,Exhaust Air Damper Position,True,7,"[15, 3, 11, 65]","['air', 'cmd', 'damper', 'exhaust']",
15,83,Cooling Coil Discharge Air Temperature,True,1,"[15, 36, 1, 4, 50, 250]","['air', 'discharge', 'sensor', 'temp', 'cooling', 'coil']",
16,105,Return Air Static Pressure,True,37,"[15, 6, 1, 63]","['air', 'pressure', 'sensor', 'return']",
17,126,Unoccupied Heating Setpoint,True,1,"[15, 2, 4, 62, 51, 56]","['air', 'sp', 'temp', 'zone', 'heating', 'unocc']",
18,142,Return Air Flow Setpoint,True,4,"[15, 7, 2, 63]","['air', 'flow', 'sp', 'return']",
19,82,Heating Coil Discharge Air Temperature,True,1,"[15, 36, 45, 1, 4, 250]","['air', 'discharge', 'heat', 'sensor', 'temp', 'coil']",
20,149,Mixed Air Damper Position,True,7,"[15, 3, 11, 26]","['air', 'cmd', 'damper', 'mixed']",
21,112,Discharge Air Flow,True,4,"[15, 7, 1, 36]","['air', 'flow', 'sensor', 'discharge']",
22,153,Bypass Damper Position,True,7,"[15, 3, 11, 32]","['air', 'cmd', 'damper', 'bypass']",
23,80,Preheat Coil Discharge Air Temperature,True,1,"[15, 36, 43, 1, 4, 250]","['air', 'discharge', 'preHeat', 'sensor', 'temp', 'coil']",
24,148,Outside Air Damper Position,True,7,"[15, 3, 11, 24]","['air', 'cmd', 'damper', 'outside']",
25,122,Zone Temperature Setpoint,True,1,"[15, 2, 4, 62]","['air', 'sp', 'temp', 'zone']",
26,134,Return Air Dehumidify Setpoint,True,2,"[15, 5, 2, 83, 63]","['air', 'humidity', 'sp', 'dehumidify', 'return']",
27,78,Mixed Air Temperature,True,1,"[15, 26, 1, 4]","['air', 'mixed', 'sensor', 'temp']",
28,128,Standby Heating Setpoint,True,1,"[15, 2, 4, 62, 57, 51]","['air', 'sp', 'temp', 'zone', 'standby', 'heating']",
29,137,Return Air Static Pressure Setpoint,True,37,"[15, 6, 2, 63]","['air', 'pressure', 'sp', 'return']",
30,86,Exhaust Air Temperature,True,1,"[15, 1, 4, 65]","['air', 'sensor', 'temp', 'exhaust']",
31,104,Discharge Air Velocity Pressure,True,37,"[15, 6, 1, 36, 59]","['air', 'pressure', 'sensor', 'discharge', 'dynamic']",
32,103,Discharge Air Static Pressure,True,37,"[15, 36, 6, 1]","['air', 'discharge', 'pressure', 'sensor']",
33,174,Relief Air Differential Pressure,True,37,"[15, 6, 1, 64, 58]","['air', 'pressure', 'sensor', 'relief', 'delta']",
34,79,Discharge Air Temperature,True,1,"[15, 36, 1, 4]","['air', 'discharge', 'sensor', 'temp']",
35,113,Return Air Flow,True,4,"[15, 7, 1, 63]","['air', 'flow', 'sensor', 'return']",
36,125,Unoccupied Cooling Setpoint,True,1,"[15, 2, 4, 56, 62, 50]","['air', 'sp', 'temp', 'unocc', 'zone', 'cooling']",
37,114,Exhaust Air Flow,True,4,"[15, 7, 1, 65]","['air', 'flow', 'sensor', 'exhaust']",
38,77,Zone Temperature,True,1,"[15, 1, 4, 62]","['air', 'sensor', 'temp', 'zone']",
39,123,Occupied Cooling Setpoint,True,1,"[15, 55, 2, 4, 62, 50]","['air', 'occ', 'sp', 'temp', 'zone', 'cooling']",
40,150,Return Air Damper Position,True,7,"[15, 3, 11, 63]","['air', 'cmd', 'damper', 'return']",
41,102,Zone Static Pressure,True,37,"[15, 6, 1, 62]","['air', 'pressure', 'sensor', 'zone']",
42,141,Discharge Air Flow Setpoint,True,4,"[15, 7, 2, 36]","['air', 'flow', 'sp', 'discharge']",
43,111,Outside Air Flow,True,4,"[15, 7, 1, 24]","['air', 'flow', 'sensor', 'outside']",
44,85,Return Air Temperature,True,1,"[15, 1, 4, 63]","['air', 'sensor', 'temp', 'return']",
45,120,Return Air Carbon Dioxide,True,6,"[15, 8, 1, 63]","['air', 'co2', 'sensor', 'return']",
46,135,Zone Static Pressure Setpoint,True,37,"[15, 6, 2, 62]","['air', 'pressure', 'sp', 'zone']",
47,100,Discharge Air Humidity,True,2,"[15, 5, 1, 36]","['air', 'humidity', 'sensor', 'discharge']",
48,146,Return Air Carbon Dioxide Setpoint,True,6,"[15, 8, 2, 63]","['air', 'co2', 'sp', 'return']",
49,99,Zone Humidity,True,2,"[15, 5, 1, 62]","['air', 'humidity', 'sensor', 'zone']",
50,136,Discharge Air Static Pressure Setpoint,True,37,"[15, 6, 2, 36]","['air', 'pressure', 'sp', 'discharge']",
51,147,Damper Position,True,7,"[15, 3, 11]","['air', 'cmd', 'damper']",
52,119,Zone Carbon Dioxide,True,6,"[15, 8, 1, 62]","['air', 'co2', 'sensor', 'zone']",
53,129,Discharge Air Temperature Setpoint,True,1,"[15, 2, 4, 36]","['air', 'sp', 'temp', 'discharge']",
54,89,Chilled Water Supply Temperature,True,1,"[49, 39, 1, 4, 16]","['chilled', 'leaving', 'sensor', 'temp', 'water']",
55,180,Chilled Water Isolation Valve Position,True,7,"[49, 3, 34, 13, 16]","['chilled', 'cmd', 'isolation', 'valve', 'water']",
56,96,Chilled Water Differential Temperature,True,1,"[49, 58, 1, 4, 16]","['chilled', 'delta', 'sensor', 'temp', 'water']",
57,93,Chilled Water Return Temperature,True,1,"[49, 40, 1, 4, 16]","['chilled', 'entering', 'sensor', 'temp', 'water']",
58,182,Chilled Water Choke Valve Position,True,7,"[35, 3, 13, 16, 49]","['choke', 'cmd', 'valve', 'water', 'chilled']",
59,183,Hot Water Isolation Valve Position,True,7,"[3, 48, 34, 13, 16]","['cmd', 'hot', 'isolation', 'valve', 'water']",
60,163,Reheat Valve Position,True,7,"[3, 13, 44]","['cmd', 'valve', 'reheats']",
61,162,Preheat Valve Position,True,7,"[3, 13, 16, 43]","['cmd', 'valve', 'water', 'preHeat']",
62,159,Hot Water Valve Position,True,7,"[3, 13, 16, 48]","['cmd', 'valve', 'water', 'hot']",
63,166,Command,True,11,"[3, 19]","['cmd', 'run']",
64,161,Dual Temp Valve Position,True,7,"[3, 13, 16, 47]","['cmd', 'valve', 'water', 'dualTemp']",
65,170,Heating Stage,True,8,"[3, 19, 14, 51]","['cmd', 'run', 'stage', 'heating']",
66,160,Chilled Water Valve Position,True,7,"[3, 13, 16, 49]","['cmd', 'valve', 'water', 'chilled']",
67,158,Speed,True,17,"[3, 12, 22]","['cmd', 'speed', 'vfd']",
68,168,Economize Mode,True,11,"[3, 23]","['cmd', 'enable']",
69,169,Cooling Stage,True,8,"[3, 19, 14, 50]","['cmd', 'run', 'stage', 'cooling']",
70,164,Mixing Valve Position,True,7,"[3, 13, 33]","['cmd', 'valve', 'mixing']",
71,109,Water Differential Pressure,True,3,"[58, 6, 1, 16]","['delta', 'pressure', 'sensor', 'water']",
72,108,Chilled Water Differential Pressure,True,3,"[58, 6, 1, 16, 49]","['delta', 'pressure', 'sensor', 'water', 'chilled']",
73,138,Hot Water Differential Pressure Setpoint,True,3,"[58, 6, 2, 16, 48]","['delta', 'pressure', 'sp', 'water', 'hot']",
74,95,Hot Water Differential Temperature,True,1,"[58, 48, 1, 4, 16]","['delta', 'hot', 'sensor', 'temp', 'water']",
75,107,Hot Water Differential Pressure,True,3,"[58, 6, 1, 16, 48]","['delta', 'pressure', 'sensor', 'water', 'hot']",
76,90,Dual-Temp Water Supply Temperature,True,1,"[47, 39, 1, 4, 16]","['dualTemp', 'leaving', 'sensor', 'temp', 'water']",
77,94,Dual-Temp Water Return Temperature,True,1,"[47, 40, 1, 4, 16]","['dualTemp', 'entering', 'sensor', 'temp', 'water']",
78,178,Electric Consumption,True,14,"[10, 20, 1, 28]","['elec', 'energy', 'sensor', 'total']",
79,91,Return Water Temperature,True,1,"[40, 1, 4, 16]","['entering', 'sensor', 'temp', 'water']",
80,92,Hot Water Return Temperature,True,1,"[40, 48, 1, 4, 16]","['entering', 'hot', 'sensor', 'temp', 'water']",
81,176,Steam Supply Flow,True,9,"[7, 1, 17, 39]","['flow', 'sensor', 'steam', 'leaving']",
82,116,Chilled Water Supply Flow,True,5,"[7, 1, 16, 49, 39]","['flow', 'sensor', 'water', 'chilled', 'leaving']",
83,117,Dual-Temp Water Flow,True,5,"[7, 1, 16, 47]","['flow', 'sensor', 'water', 'dualTemp']",
84,115,Hot Water Supply Flow,True,5,"[7, 39, 1, 16, 48]","['flow', 'leaving', 'sensor', 'water', 'hot']",
85,88,Hot Water Supply Temperature,True,1,"[48, 39, 1, 4, 16]","['hot', 'leaving', 'sensor', 'temp', 'water']",
86,87,Supply Water Temperature,True,1,"[39, 1, 4, 16]","['leaving', 'sensor', 'temp', 'water']",
87,131,Hot Water Supply Temperature Setpoint,True,1,"[39, 2, 4, 16, 48]","['leaving', 'sp', 'temp', 'water', 'hot']",
88,110,Evaporator Differential Pressure,True,3,"[6, 18, 1, 58, 98]","['pressure', 'refrig', 'sensor', 'delta', 'evaporator']",
89,175,Steam Pressure,True,3,"[6, 1, 17]","['pressure', 'sensor', 'steam']",
90,139,Chilled Water Differential Pressure Setpoint,True,3,"[6, 2, 16, 49, 58]","['pressure', 'sp', 'water', 'chilled', 'delta']",
91,97,Evaporator Refrigeration Temperature,True,1,"[18, 1, 4, 98]","['refrig', 'sensor', 'temp', 'evaporator']",
92,121,Status,True,11,"[19, 1]","['run', 'sensor']",
93,171,Steam Temperature,True,1,"[1, 17, 4]","['sensor', 'steam', 'temp']",
94,177,Occupancy Status,True,10,"[1, 55, 56]","['sensor', 'occ', 'unocc']",
95,132,Chilled Water Supply Temperature Setpoint,True,1,"[2, 4, 16, 49, 39]","['sp', 'temp', 'water', 'chilled', 'leaving']",
96,186,Glycol Entering Exhaust Coil Temperature,True,1,"[1, 4, 40, 65, 66, 250]","['sensor', 'temp', 'entering', 'exhaust', 'glycol', 'coil']",
97,187,Exhaust Air Static Pressure Setpoint,True,37,"[2, 6, 15, 65]","['sp', 'pressure', 'air', 'exhaust']",
98,188,Economizer Differential Air Temperature Setpoint,True,1,"[2, 4, 15, 58]","['sp', 'temp', 'air', 'delta']",
99,189,Zone Temperature Effective Setpoint,True,1,"[2, 4, 15, 54, 62]","['sp', 'temp', 'air', 'effective', 'zone']",
100,190,Makeup Air Damper Position,True,7,"[3, 11, 15, 67]","['cmd', 'damper', 'air', 'makeup']",
101,192,Speed Setpoint,True,17,"[2, 12, 22]","['sp', 'speed', 'vfd']",
102,194,Steam Valve Position,True,7,"[3, 13, 17]","['cmd', 'valve', 'steam']",
103,195,Damper Position Sensor,True,7,"[1, 11, 15]","['sensor', 'damper', 'air']",
104,196,Glycol Return Temperature,True,1,"[1, 4, 66, 40]","['sensor', 'temp', 'glycol', 'entering']",
105,197,Glycol Temperature,True,1,"[1, 4, 66]","['sensor', 'temp', 'glycol']",
106,198,Zone Heating Temperature Setpoint,True,1,"[2, 4, 15, 45, 62, 51]","['sp', 'temp', 'air', 'heat', 'zone', 'heating']",
107,199,Heat Wheel Status,True,11,"[1, 19, 70]","['sensor', 'run', 'heatWheel']",
108,200,Glycol Supply Temperature,True,1,"[1, 4, 66, 39]","['sensor', 'temp', 'glycol', 'leaving']",
109,201,Glycol Valve Position,True,7,"[3, 13, 66]","['cmd', 'valve', 'glycol']",
110,202,Exhaust Air Static Pressure,True,37,"[1, 6, 15, 65]","['sensor', 'pressure', 'air', 'exhaust']",
111,203,Precool Coil Discharge Air Temperature,True,1,"[1, 4, 15, 36, 71, 250]","['sensor', 'temp', 'air', 'discharge', 'preCool', 'coil']",
112,206,Zone Cooling Temperature Setpoint,True,1,"[2, 4, 15, 50, 62]","['sp', 'temp', 'air', 'cooling', 'zone']",
113,207,Chilled Water Return Flow,True,5,"[1, 7, 16, 49, 40]","['sensor', 'flow', 'water', 'chilled', 'entering']",
114,208,Reversing Valve Position,True,7,"[3, 13]","['cmd', 'valve']",
115,209,Lighting Status,True,11,"[1, 19, 62]","['sensor', 'run', 'zone']",
116,210,Mixed Air Temperature Setpoint,True,1,"[2, 4, 15, 26]","['sp', 'temp', 'air', 'mixed']",
117,211,Chilled Water Return Temperature Setpoint,True,1,"[2, 4, 16, 49, 40]","['sp', 'temp', 'water', 'chilled', 'entering']",
118,213,Steam Supply Pressure,True,3,"[1, 6, 17, 39]","['sensor', 'pressure', 'steam', 'leaving']",
119,215,Isolation Damper Position,True,7,"[3, 11, 34]","['cmd', 'damper', 'isolation']",
120,216,Chilled Water Bypass Valve Position,True,7,"[3, 13, 16, 32, 49]","['cmd', 'valve', 'water', 'bypass', 'chilled']",
121,217,Glycol Leaving Exhaust Coil Temperature,True,1,"[1, 4, 39, 65, 66, 250]","['sensor', 'temp', 'leaving', 'exhaust', 'glycol', 'coil']",
122,218,Damper Position Setpoint,True,7,"[2, 11, 15]","['sp', 'damper', 'air']",
123,220,Thermostat Status,True,11,"[1, 4, 50, 51, 62]","['sensor', 'temp', 'cooling', 'heating', 'zone']",
124,221,Real Power,True,13,"[1, 10, 21, 73]","['sensor', 'elec', 'power', 'active']",
125,222,Reactive Power,True,20,"[1, 10, 21, 74]","['sensor', 'elec', 'power', 'reactive']",
126,223,Apparent Power,True,21,"[1, 10, 21, 75]","['sensor', 'elec', 'power', 'apparent']",
127,224,Water Consumption,True,22,"[1, 16]","['sensor', 'water']",
128,226,Outside Air Wet Bulb Temperature,True,1,"[1, 4, 15, 24, 76]","['sensor', 'temp', 'air', 'outside', 'wetBulb']",
129,227,Zone Humidity Setpoint,True,2,"[2, 5, 15, 62]","['sp', 'humidity', 'air', 'zone']",
130,228,Mixed Air Humidity,True,2,"[1, 5, 15, 26]","['sensor', 'humidity', 'air', 'mixed']",
131,229,Desiccant Rotor Speed,True,17,"[3, 12]","['cmd', 'speed']",
132,230,Humidifier Valve Position,True,7,"[3, 13, 15, 52]","['cmd', 'valve', 'air', 'humidify']",
133,231,Cooling Coil Entering Air Temperature,True,1,"[1, 4, 15, 40, 50, 250]","['sensor', 'temp', 'air', 'entering', 'cooling', 'coil']",
134,233,Entering Dehumidification Air Temperature Setpoint,True,1,"[2, 4, 15, 40, 83]","['sp', 'temp', 'air', 'entering', 'dehumidify']",
135,234,Entering Dehumidification Air Temperature,True,1,"[1, 4, 15, 40, 83]","['sensor', 'temp', 'air', 'entering', 'dehumidify']",
136,236,Exhaust Air Rotor Pressure,True,37,"[1, 6, 15, 65]","['sensor', 'pressure', 'air', 'exhaust']",
137,238,Reactivation Heater Status,True,11,"[1, 19, 45]","['sensor', 'run', 'heat']",
138,239,Cooling Coil Valve Position,True,7,"[3, 13, 50, 250]","['cmd', 'valve', 'cooling', 'coil']",
139,240,Heating Output,True,23,"[1, 51]","['sensor', 'heating']",
140,241,Humidifier Isolation Damper Position,True,15,"[3, 11, 15, 34, 52]","['cmd', 'damper', 'air', 'isolation', 'humidify']",
141,242,Outside Air Enthalpy,True,24,"[1, 15, 24, 123]","['sensor', 'air', 'outside', 'enthalpy']",
142,243,Relief Air Temperature,True,1,"[1, 4, 15, 64]","['sensor', 'temp', 'air', 'relief']",
143,244,Relief Air Carbon Dioxide,True,6,"[1, 8, 64, 15]","['sensor', 'co2', 'relief', 'air']",
144,245,Relief Air Humidity,True,2,"[1, 5, 15, 64]","['sensor', 'humidity', 'air', 'relief']",
145,165,Chilled Water Return Isolation Valve Position,True,7,"[3, 13, 16, 34, 40, 49]","['cmd', 'valve', 'water', 'isolation', 'entering', 'chilled']",
146,167,Enable,True,12,"[3, 19, 23]","['cmd', 'run', 'enable']",
147,98,Outside Air Humidity,True,2,"[1, 5, 15, 24]","['sensor', 'humidity', 'air', 'outside']",
148,101,Return Air Humidity,True,2,"[1, 5, 15, 63]","['sensor', 'humidity', 'air', 'return']",
149,246,Enthalpy Setpoint,True,24,"[2, 123]","['sp', 'enthalpy']",
150,225,Outside Air Dew Point Temperature,True,1,"[1, 4, 15, 24, 82]","['sensor', 'temp', 'air', 'outside', 'dewPoint']",
151,248,Glycol Differential Pressure Setpoint,True,3,"[2, 6, 58, 66]","['sp', 'pressure', 'delta', 'glycol']",
152,249,Glycol Supply Temperature Setpoint,True,1,"[2, 4, 66, 39]","['sp', 'temp', 'glycol', 'leaving']",
153,250,Exhaust Air Humidity Setpoint,True,2,"[2, 5, 15, 65]","['sp', 'humidity', 'air', 'exhaust']",
154,251,Exhaust Air Humidity,True,2,"[1, 5, 15, 65]","['sensor', 'humidity', 'air', 'exhaust']",
155,252,Exhaust Air Carbon Dioxide,True,6,"[1, 8, 15, 65]","['sensor', 'co2', 'air', 'exhaust']",
156,253,Heat Recovery Valve Position,True,7,"[3, 13, 45]","['cmd', 'valve', 'heat']",
157,255,Heat Recovery Air Temperature Setpoint,True,1,"[2, 4, 15, 45]","['sp', 'temp', 'air', 'heat']",
158,256,Discharge Air Humidity Setpoint,True,2,"[2, 5, 15, 36]","['sp', 'humidity', 'air', 'discharge']",
159,257,Heat Recovery Air Temperature,True,1,"[1, 4, 15, 45]","['sensor', 'temp', 'air', 'heat']",
160,258,Heating Coil Valve Position,True,7,"[3, 13, 51, 250]","['cmd', 'valve', 'heating', 'coil']",
161,266,Burner Level,True,7,"[3, 77]","['cmd', 'level']",
162,267,Discharge Air Temperature Cooling Setpoint,True,1,"[50, 36, 15, 4, 2]","['cooling', 'discharge', 'air', 'temp', 'sp']",
163,268,Discharge Air Temperature Heating Setpoint,True,1,"[36, 15, 4, 2, 51]","['discharge', 'air', 'temp', 'sp', 'heating']",
164,272,Electric Current,True,28,"[1, 78, 10]","['sensor', 'current', 'elec']",
165,273,Electric Frequency,True,29,"[1, 10, 79]","['sensor', 'elec', 'frequency']",
166,274,Electric Voltage,True,30,"[1, 10, 80]","['sensor', 'elec', 'volt']",
167,271,Heat Sink Temperature,True,1,"[4, 1, 45]","['temp', 'sensor', 'heat']",
168,260,State,True,26,"[1, 81]","['sensor', 'enum']",
169,275,Torque,True,31,[1],['sensor'],
170,269,Zone Dew Point Temperature Setpoint,True,1,"[4, 2, 62, 82]","['temp', 'sp', 'zone', 'dewPoint']",
171,270,Zone Dew Point Temperature,True,1,"[1, 62, 82, 4]","['sensor', 'zone', 'dewPoint', 'temp']",
172,276,Return Air Enthalpy,True,24,"[1, 63, 15, 123]","['sensor', 'return', 'air', 'enthalpy']",
173,235,Leaving Dehumidification Air Temperature,True,1,"[1, 4, 15, 83, 39]","['sensor', 'temp', 'air', 'dehumidify', 'leaving']",
174,237,Leaving Dehumidification Air Temperature Setpoint,True,1,"[4, 15, 83, 39, 2]","['temp', 'air', 'dehumidify', 'leaving', 'sp']",
175,277,Occupancy Schedule,True,10,"[3, 55, 56, 110]","['cmd', 'occ', 'unocc', 'schedule']",
176,278,Apparent Energy,True,32,"[1, 75, 20, 10]","['sensor', 'apparent', 'energy', 'elec']",
177,279,Power Factor,True,33,"[1, 10, 84]","['sensor', 'elec', 'pf']",
178,280,Reactive Energy,True,34,"[1, 20, 74, 10]","['sensor', 'energy', 'reactive', 'elec']",
179,261,Elevator Position,True,27,"[1, 85]","['sensor', 'elevator']",
180,262,Elevator Status,True,26,"[1, 85, 81]","['sensor', 'elevator', 'enum']",
181,263,Elevator Mode,True,26,"[1, 85, 81]","['sensor', 'elevator', 'enum']",
182,264,Elevator Inspection Status,True,26,"[1, 85, 81]","['sensor', 'elevator', 'enum']",
183,265,Elevator Action,True,26,"[3, 85, 81]","['cmd', 'elevator', 'enum']",
184,281,Runtime Counter,True,35,"[1, 86]","['sensor', 'duration']",
185,282,Fault Status,True,11,"[1, 87]","['sensor', 'alarm']",
186,283,Leak Detection Alarm,True,11,"[1, 87]","['sensor', 'alarm']",
187,284,Failure Status,True,11,"[1, 87]","['sensor', 'alarm']",
188,285,Hot Water Choke Valve Position,True,7,"[3, 35, 48, 16, 13]","['cmd', 'choke', 'hot', 'water', 'valve']",
189,286,Occupancy Command,True,10,"[3, 55, 56]","['cmd', 'occ', 'unocc']",
190,288,Relief Air Static Pressure Setpoint,True,37,"[15, 6, 64, 2]","['air', 'pressure', 'relief', 'sp']",
191,289,Relief Air Static Pressure,True,37,"[15, 6, 64, 1]","['air', 'pressure', 'relief', 'sensor']",
192,290,Relief Air Differential Pressure Setpoint,True,37,"[15, 6, 64, 2, 58]","['air', 'pressure', 'relief', 'sp', 'delta']",
193,291,Elevator Power Status,True,11,"[1, 85]","['sensor', 'elevator']",
194,292,Elevator Backup Power Status,True,11,"[1, 85]","['sensor', 'elevator']",
195,293,Elevator Generator Power Status,True,11,"[1, 85]","['sensor', 'elevator']",
196,294,Elevator Automatic Status,True,11,"[1, 85]","['sensor', 'elevator']",
197,295,Elevator Safeties Status,True,11,"[1, 85]","['sensor', 'elevator']",
198,296,Elevator Car Stop Status,True,11,"[1, 85]","['sensor', 'elevator']",
199,297,Elevator Doorzone Status,True,11,"[1, 85]","['sensor', 'elevator']",
200,298,Elevator Pit Flood Status,True,11,"[1, 85]","['sensor', 'elevator']",
201,299,Elevator Thermal Overload Relay Status,True,11,"[1, 85]","['sensor', 'elevator']",
202,300,Elevator Group Status,True,11,"[1, 85]","['sensor', 'elevator']",
203,301,Elevator Swing Status,True,11,"[1, 85]","['sensor', 'elevator']",
204,302,Elevator Sabbath Service Status,True,11,"[1, 85]","['sensor', 'elevator']",
205,303,Elevator Overweight Status,True,11,"[1, 85]","['sensor', 'elevator']",
206,304,Elevator Heavy Status,True,11,"[1, 85]","['sensor', 'elevator']",
207,305,Elevator Down Direction Status,True,11,"[1, 85]","['sensor', 'elevator']",
208,306,Elevator Running Down Status,True,11,"[1, 85]","['sensor', 'elevator']",
209,307,Elevator Up Status,True,11,"[1, 85]","['sensor', 'elevator']",
210,308,Elevator Running Up Status,True,11,"[1, 85]","['sensor', 'elevator']",
211,309,Elevator Front Open Limit Status,True,11,"[1, 85]","['sensor', 'elevator']",
212,310,Elevator Front Close Limit Status,True,11,"[1, 85]","['sensor', 'elevator']",
213,311,Elevator Front Edge Status,True,11,"[1, 85]","['sensor', 'elevator']",
214,312,Elevator Front Opening Status,True,11,"[1, 85]","['sensor', 'elevator']",
215,313,Elevator Front Closing Status,True,11,"[1, 85]","['sensor', 'elevator']",
216,314,Elevator Front Gate Status,True,11,"[1, 85]","['sensor', 'elevator']",
217,315,Elevator Front Lock Status,True,11,"[1, 85]","['sensor', 'elevator']",
218,316,Elevator Rear Open Limit Status,True,11,"[1, 85]","['sensor', 'elevator']",
219,317,Elevator Rear Close Limit Status,True,11,"[1, 85]","['sensor', 'elevator']",
220,318,Elevator Rear Edge Status,True,11,"[1, 85]","['sensor', 'elevator']",
221,319,Elevator Rear Opening Status,True,11,"[1, 85]","['sensor', 'elevator']",
222,320,Elevator Rear Closing Status,True,11,"[1, 85]","['sensor', 'elevator']",
223,321,Elevator Rear Gate Status,True,11,"[1, 85]","['sensor', 'elevator']",
224,322,Elevator Rear Lock Status,True,11,"[1, 85]","['sensor', 'elevator']",
225,323,Elevator Independent Status,True,11,"[1, 85]","['sensor', 'elevator']",
226,324,Elevator Car to Lobby Status,True,11,"[1, 85]","['sensor', 'elevator']",
227,325,Mode Status,True,26,"[1, 81]","['sensor', 'enum']",
228,326,Mode Command,True,26,"[3, 81]","['cmd', 'enum']",
229,327,Cooling Output,True,23,"[1, 50]","['sensor', 'cooling']",
230,328,Freeze Status,True,11,"[1, 112, 87]","['sensor', 'freezeStat', 'alarm']",
231,329,Exhaust Air Flow Setpoint,True,4,"[2, 65, 15, 7]","['sp', 'exhaust', 'air', 'flow']",
232,330,Exhaust Air Dehumidify Setpoint,True,2,"[2, 15, 83, 65, 5]","['sp', 'air', 'dehumidify', 'exhaust', 'humidity']",
233,331,Filter Status,True,11,"[1, 27]","['sensor', 'filter']",
234,287,Schedule,True,36,"[3, 110]","['cmd', 'schedule']",
235,332,Cooling Command,True,11,"[3, 50]","['cmd', 'cooling']",
236,333,Defrost Status,True,11,"[1, 87, 112, 113]","['sensor', 'alarm', 'freezeStat', 'defrost']",
237,334,Dehumidification Status,True,11,"[1, 83]","['sensor', 'dehumidify']",
238,335,Emergency Status,True,11,"[1, 87]","['sensor', 'alarm']",
239,336,Exhaust Air Damper Status,True,15,"[1, 11, 65, 15]","['sensor', 'damper', 'exhaust', 'air']",
240,337,Exhaust Air Velocity Pressure,True,37,"[1, 65, 6, 15, 59]","['sensor', 'exhaust', 'pressure', 'air', 'dynamic']",
241,338,Expansion Valve Position,True,7,"[3, 13, 18]","['cmd', 'valve', 'refrig']",
242,339,Face Velocity,True,38,"[1, 115, 15]","['sensor', 'linearVelocity', 'air']",
243,340,Duct Static Pressure,True,37,"[1, 6, 15, 190]","['sensor', 'pressure', 'air', 'duct']",
244,341,Duct Static Pressure Setpoint,True,37,"[6, 15, 2, 190]","['pressure', 'air', 'sp', 'duct']",
245,342,Heat Wheel Command,True,11,"[3, 19, 70]","['cmd', 'run', 'heatWheel']",
246,343,Heating Command,True,11,"[3, 51]","['cmd', 'heating']",
247,344,Lockout Command,True,11,"[3, 117]","['cmd', 'lockout']",
248,345,Max Air Flow Setpoint Limit,True,4,"[2, 118, 60, 7, 15]","['sp', 'limit', 'max', 'flow', 'air']",
249,346,Max Cooling Air Flow Setpoint Limit,True,4,"[2, 118, 60, 7, 50, 15]","['sp', 'limit', 'max', 'flow', 'cooling', 'air']",
250,347,Max Heating Air Flow Setpoint Limit,True,4,"[2, 118, 60, 7, 51, 15]","['sp', 'limit', 'max', 'flow', 'heating', 'air']",
251,348,Max Occupied Cooling Air Flow Setpoint Limit,True,4,"[2, 118, 60, 55, 7, 50, 15]","['sp', 'limit', 'max', 'occ', 'flow', 'cooling', 'air']",
252,349,Max Occupied Heating Air Flow Setpoint Limit,True,4,"[2, 118, 60, 55, 7, 51, 15]","['sp', 'limit', 'max', 'occ', 'flow', 'heating', 'air']",
253,350,Max Air Static Pressure Setpoint Limit,True,37,"[2, 118, 60, 6, 15]","['sp', 'limit', 'max', 'pressure', 'air']",
254,351,Max Unoccupied Cooling Air Flow Setpoint Limit,True,4,"[2, 118, 60, 56, 7, 50, 15]","['sp', 'limit', 'max', 'unocc', 'flow', 'cooling', 'air']",
255,352,Max Unoccupied Heating Air Flow Setpoint Limit,True,4,"[2, 118, 60, 56, 7, 51, 15]","['sp', 'limit', 'max', 'unocc', 'flow', 'heating', 'air']",
256,353,Min Air Flow Setpoint Limit,True,4,"[2, 118, 61, 7, 15]","['sp', 'limit', 'min', 'flow', 'air']",
257,354,Min Cooling Air Flow Setpoint Limit,True,4,"[2, 118, 61, 7, 50, 15]","['sp', 'limit', 'min', 'flow', 'cooling', 'air']",
258,355,Min Heating Air Flow Setpoint Limit,True,4,"[2, 118, 61, 7, 51, 15]","['sp', 'limit', 'min', 'flow', 'heating', 'air']",
259,356,Min Occupied Cooling Air Flow Setpoint Limit,True,4,"[2, 118, 61, 55, 7, 50, 15]","['sp', 'limit', 'min', 'occ', 'flow', 'cooling', 'air']",
260,357,Min Occupied Heating Air Flow Setpoint Limit,True,4,"[2, 118, 61, 55, 7, 51, 15]","['sp', 'limit', 'min', 'occ', 'flow', 'heating', 'air']",
261,358,Min Air Static Pressure Setpoint Limit,True,37,"[2, 118, 61, 6, 15]","['sp', 'limit', 'min', 'pressure', 'air']",
262,359,Min Unoccupied Cooling Air Flow Setpoint Limit,True,4,"[2, 118, 61, 56, 7, 50, 15]","['sp', 'limit', 'min', 'unocc', 'flow', 'cooling', 'air']",
263,360,Min Unoccupied Heating Air Flow Setpoint Limit,True,4,"[2, 118, 61, 56, 7, 51, 15]","['sp', 'limit', 'min', 'unocc', 'flow', 'heating', 'air']",
264,361,Outside Air Damper Status,True,15,"[1, 11, 24, 15]","['sensor', 'damper', 'outside', 'air']",
265,364,Preheat Command,True,11,"[3, 43]","['cmd', 'preHeat']",
266,365,Preheating Stage,True,8,"[3, 14, 19, 43]","['cmd', 'stage', 'run', 'preHeat']",
267,366,Refrigerant Differential Temperature,True,1,"[1, 18, 4, 58]","['sensor', 'refrig', 'temp', 'delta']",
268,367,Refrigerant Pressure,True,3,"[1, 18, 6]","['sensor', 'refrig', 'pressure']",
269,368,Refrigerant Temperature,True,1,"[1, 18, 4]","['sensor', 'refrig', 'temp']",
270,369,Reheat Command,True,11,"[3, 44]","['cmd', 'reheats']",
271,370,Sash Position,True,7,[3],['cmd'],
272,371,Smoke Detection Status,True,11,"[1, 87]","['sensor', 'alarm']",
273,372,Suction Pressure,True,37,"[1, 6]","['sensor', 'pressure']",
274,362,Overridden Status,True,11,[1],['sensor'],
275,363,Override Command,True,11,[3],['cmd'],
276,373,Max Speed Setpoint Limit,True,17,"[2, 60, 118, 12]","['sp', 'max', 'limit', 'speed']",
277,374,Min Speed Setpoint Limit,True,17,"[2, 61, 118, 12]","['sp', 'min', 'limit', 'speed']",
278,375,Reset Command,True,11,"[3, 119]","['cmd', 'reset']",
279,376,Chilled Water Differential Temperature Setpoint,True,1,"[2, 16, 49, 58, 4]","['sp', 'water', 'chilled', 'delta', 'temp']",
280,377,Chilled Water Return Flow Setpoint,True,5,"[2, 49, 40, 7, 16]","['sp', 'chilled', 'entering', 'flow', 'water']",
281,378,Chilled Water Supply Flow Setpoint,True,5,"[2, 49, 39, 7, 16]","['sp', 'chilled', 'leaving', 'flow', 'water']",
282,379,Chilled Water Supply Isolation Valve Position,True,7,"[3, 16, 49, 34, 13, 39]","['cmd', 'water', 'chilled', 'isolation', 'valve', 'leaving']",
283,380,Condenser Water Bypass Valve Position,True,7,"[3, 16, 32, 124]","['cmd', 'water', 'bypass', 'condenserWater']",
284,381,Condenser Water Differential Pressure,True,3,"[1, 16, 58, 6, 124]","['sensor', 'water', 'delta', 'pressure', 'condenserWater']",
285,382,Condenser Water Differential Pressure Setpoint,True,3,"[2, 16, 58, 6, 124]","['sp', 'water', 'delta', 'pressure', 'condenserWater']",
286,383,Condenser Water Differential Temperature,True,1,"[1, 16, 58, 4, 124]","['sensor', 'water', 'delta', 'temp', 'condenserWater']",
287,384,Condenser Water Differential Temperature Setpoint,True,1,"[2, 16, 58, 4, 124]","['sp', 'water', 'delta', 'temp', 'condenserWater']",
288,385,Condenser Water Return Flow,True,5,"[1, 16, 40, 7, 124]","['sensor', 'water', 'entering', 'flow', 'condenserWater']",
289,386,Condenser Water Return Flow Setpoint,True,5,"[2, 16, 40, 124]","['sp', 'water', 'entering', 'condenserWater']",
290,387,Condenser Water Isolation Valve Position,True,7,"[3, 16, 34, 13, 124]","['cmd', 'water', 'isolation', 'valve', 'condenserWater']",
291,388,Condenser Water Return Temperature,True,1,"[1, 16, 40, 4, 124]","['sensor', 'water', 'entering', 'temp', 'condenserWater']",
292,389,Condenser Water Return Temperature Setpoint,True,1,"[2, 16, 40, 4, 124]","['sp', 'water', 'entering', 'temp', 'condenserWater']",
293,390,Condenser Water Supply Flow,True,5,"[1, 16, 39, 7, 124]","['sensor', 'water', 'leaving', 'flow', 'condenserWater']",
294,391,Condenser Water Supply Flow Setpoint,True,5,"[2, 16, 39, 7, 124]","['sp', 'water', 'leaving', 'flow', 'condenserWater']",
295,392,Condenser Water Supply Temperature,True,1,"[1, 16, 39, 4, 124]","['sensor', 'water', 'leaving', 'temp', 'condenserWater']",
296,393,Condenser Water Supply Temperature Setpoint,True,1,"[2, 16, 39, 4, 124]","['sp', 'water', 'leaving', 'temp', 'condenserWater']",
297,394,Condenser Water Valve Position,True,7,"[3, 16, 13, 124]","['cmd', 'water', 'valve', 'condenserWater']",
298,395,Discharge Air Damper Position,True,7,"[3, 36, 15, 11]","['cmd', 'discharge', 'air', 'damper']",
299,396,Dual-Temp Water Differential Temperature,True,1,"[1, 16, 47, 58, 4]","['sensor', 'water', 'dualTemp', 'delta', 'temp']",
300,397,Dual-Temp Water Return Temperature Setpoint,True,1,"[2, 16, 47, 40, 4]","['sp', 'water', 'dualTemp', 'entering', 'temp']",
301,398,Dual-Temp Water Supply Temperature Setpoint,True,1,"[2, 16, 47, 39, 4]","['sp', 'water', 'dualTemp', 'leaving', 'temp']",
302,399,Electric Current Setpoint,True,28,"[2, 78, 10]","['sp', 'current', 'elec']",
303,400,Gas Consumption,True,14,"[1, 20, 28, 157]","['sensor', 'energy', 'total', 'naturalGas']",
304,401,Gas Flow,True,39,"[1, 7, 157, 121]","['sensor', 'flow', 'naturalGas', 'gas']",
305,402,Hot Water Bypass Valve Position,True,7,"[3, 16, 48, 13, 32]","['cmd', 'water', 'hot', 'valve', 'bypass']",
306,403,Hot Water Return Temperature Setpoint,True,1,"[2, 16, 48, 40, 4]","['sp', 'water', 'hot', 'entering', 'temp']",
307,404,Load,True,23,[1],['sensor'],
308,405,Max Zone Temperature Setpoint Limit,True,1,"[2, 118, 60, 15, 4, 62]","['sp', 'limit', 'max', 'air', 'temp', 'zone']",
309,406,Min Zone Temperature Setpoint Limit,True,1,"[2, 118, 61, 15, 4, 62]","['sp', 'limit', 'min', 'air', 'temp', 'zone']",
310,407,Motor Temperature,True,1,"[1, 4]","['sensor', 'temp']",
311,408,Oil Differential Pressure,True,3,"[1, 58, 6, 193]","['sensor', 'delta', 'pressure', 'oil']",
312,409,Precool Coil Discharge Air Temperature Setpoint,True,1,"[2, 36, 15, 4, 71, 250]","['sp', 'discharge', 'air', 'temp', 'preCool', 'coil']",
313,410,Preheat Coil Discharge Air Temperature Setpoint,True,1,"[2, 36, 15, 4, 43, 250]","['sp', 'discharge', 'air', 'temp', 'preHeat', 'coil']",
314,411,Refrigerant Level,True,23,"[1, 18, 77]","['sensor', 'refrig', 'level']",
315,412,Return Air Humidity Setpoint,True,2,"[2, 15, 5, 63]","['sp', 'air', 'humidity', 'return']",
316,413,Steam Consumption,True,14,"[1, 20, 28, 17]","['sensor', 'energy', 'total', 'steam']",
317,414,Steam Pressure Setpoint,True,3,"[2, 6, 17]","['sp', 'pressure', 'steam']",
318,415,Steam Temperature Setpoint,True,1,"[2, 4, 17]","['sp', 'temp', 'steam']",
319,416,Supply Air Damper Position,True,7,"[3, 122, 15, 11]","['cmd', 'supply', 'air', 'damper']",
320,417,Supply Air Enthalpy,True,24,"[1, 122, 15, 123]","['sensor', 'supply', 'air', 'enthalpy']",
321,418,Supply Air Flow,True,4,"[1, 122, 15, 7]","['sensor', 'supply', 'air', 'flow']",
322,419,Supply Air Flow Setpoint,True,4,"[2, 122, 15, 7]","['sp', 'supply', 'air', 'flow']",
323,420,Supply Air Humidity,True,2,"[1, 122, 15, 5]","['sensor', 'supply', 'air', 'humidity']",
324,421,Supply Air Humidity Setpoint,True,2,"[2, 122, 15, 5]","['sp', 'supply', 'air', 'humidity']",
325,422,Supply Air Rotor Pressure,True,37,"[1, 122, 15, 6]","['sensor', 'supply', 'air', 'pressure']",
326,423,Supply Air Static Pressure,True,37,"[1, 122, 15, 6]","['sensor', 'supply', 'air', 'pressure']",
327,424,Supply Air Static Pressure Setpoint,True,37,"[2, 122, 15, 6]","['sp', 'supply', 'air', 'pressure']",
328,425,Supply Air Temperature,True,1,"[1, 122, 15, 4]","['sensor', 'supply', 'air', 'temp']",
329,426,Supply Air Temperature Cooling Setpoint,True,1,"[2, 122, 15, 4, 50]","['sp', 'supply', 'air', 'temp', 'cooling']",
330,427,Supply Air Temperature Heating Setpoint,True,1,"[2, 122, 15, 4, 51]","['sp', 'supply', 'air', 'temp', 'heating']",
331,428,Supply Air Temperature Setpoint,True,1,"[2, 122, 15, 4]","['sp', 'supply', 'air', 'temp']",
332,429,Supply Air Velocity Pressure,True,37,"[1, 122, 15, 59]","['sensor', 'supply', 'air', 'dynamic']",
333,430,System Shutdown Status,True,11,[1],['sensor'],
334,431,Zone Cooling Temperature Effective Setpoint,True,1,"[2, 15, 4, 62, 50, 54]","['sp', 'air', 'temp', 'zone', 'cooling', 'effective']",
335,432,Zone Heating Temperature Effective Setpoint,True,1,"[2, 15, 4, 62, 51, 54]","['sp', 'air', 'temp', 'zone', 'heating', 'effective']",
336,433,Discharge Air Temperature Effective Setpoint,True,1,"[2, 36, 15, 4, 54]","['sp', 'discharge', 'air', 'temp', 'effective']",
337,434,Virtual,True,18,[125],['virtual'],
338,435,Hot Water Supply Pressure,True,3,"[1, 6, 48, 16, 122]","['sensor', 'pressure', 'hot', 'water', 'supply']",
339,436,Hot Water Supply Pressure Setpoint,True,3,"[2, 6, 48, 16, 122]","['sp', 'pressure', 'hot', 'water', 'supply']",
340,437,Hot Water Return Pressure,True,3,"[1, 6, 48, 16, 63]","['sensor', 'pressure', 'hot', 'water', 'return']",
341,438,High Temperature Alarm,True,11,"[1, 87, 4, 227]","['sensor', 'alarm', 'temp', 'high']",
342,439,Low Temperature Alarm,True,11,"[1, 87, 4, 231]","['sensor', 'alarm', 'temp', 'low']",
343,440,Gas Concentration,True,6,"[1, 121]","['sensor', 'gas']",
344,441,Supply Air Carbon Dioxide,True,6,"[1, 15, 122, 8]","['sensor', 'air', 'supply', 'co2']",
345,442,Max Damper Position Setpoint Limit,True,7,"[2, 118, 60, 11]","['sp', 'limit', 'max', 'damper']",
346,443,Min Damper Position Setpoint Limit,True,7,"[2, 118, 61, 11]","['sp', 'limit', 'min', 'damper']",
347,444,High Pressure Alarm,True,11,"[1, 87, 6, 227]","['sensor', 'alarm', 'pressure', 'high']",
348,445,Low Pressure Alarm,True,11,"[1, 87, 6, 231]","['sensor', 'alarm', 'pressure', 'low']",
349,446,High Humidity Alarm,True,11,"[1, 87, 5, 227]","['sensor', 'alarm', 'humidity', 'high']",
350,447,Low Humidity Alarm,True,11,"[1, 87, 5, 231]","['sensor', 'alarm', 'humidity', 'low']",
351,448,High Carbon Dioxide Alarm,True,11,"[1, 87, 8, 227]","['sensor', 'alarm', 'co2', 'high']",
352,449,Chilled Water Supply Pressure,True,3,"[1, 6, 49, 16, 39]","['sensor', 'pressure', 'chilled', 'water', 'leaving']",
353,450,Chilled Water Return Pressure,True,3,"[1, 6, 49, 16, 40]","['sensor', 'pressure', 'chilled', 'water', 'entering']",
354,451,Hot Water Valve Status,True,15,"[1, 16, 48, 13]","['sensor', 'water', 'hot', 'valve']",
355,452,Supply Air Damper Status,True,15,"[1, 15, 122, 11]","['sensor', 'air', 'supply', 'damper']",
356,453,Isolation Valve Status,True,15,"[1, 34, 13]","['sensor', 'isolation', 'valve']",
357,454,Isolation Damper Status,True,15,"[1, 34, 11]","['sensor', 'isolation', 'damper']",
358,455,Chilled Water Pressure Setpoint,True,3,"[2, 16, 6, 49]","['sp', 'water', 'pressure', 'chilled']",
359,456,Condenser Water Supply Pressure,True,3,"[1, 16, 39, 6, 124]","['sensor', 'water', 'leaving', 'pressure', 'condenserWater']",
360,457,Condenser Water Return Pressure,True,3,"[1, 16, 40, 6, 124]","['sensor', 'water', 'entering', 'pressure', 'condenserWater']",
361,458,Condenser Water Pressure Setpoint,True,3,"[2, 16, 6, 124]","['sp', 'water', 'pressure', 'condenserWater']",
362,459,Chilled Water Valve Status,True,15,"[1, 49, 16, 13]","['sensor', 'chilled', 'water', 'valve']",
363,460,Exhaust Air Differential Pressure,True,37,"[1, 65, 15, 58, 6]","['sensor', 'exhaust', 'air', 'delta', 'pressure']",
364,461,Collection Basin Water Temperature,True,1,"[1, 192, 96, 16, 4]","['sensor', 'collectionBasin', 'coolingTower', 'water', 'temp']",
365,462,Supply Air Differential Pressure,True,37,"[1, 58, 15, 6, 122]","['sensor', 'delta', 'air', 'pressure', 'supply']",
366,463,Return Air Damper Status,True,15,"[1, 15, 63, 11]","['sensor', 'air', 'return', 'damper']",
367,464,Min Temperature Setpoint Limit,True,1,"[2, 61, 4, 118]","['sp', 'min', 'temp', 'limit']",
368,465,Max Temperature Setpoint Limit,True,1,"[2, 60, 4, 118]","['sp', 'max', 'temp', 'limit']",
369,466,Supply Air Temperature Effective Setpoint,True,1,"[2, 4, 122, 15, 54]","['sp', 'temp', 'supply', 'air', 'effective']",
370,467,Supply Air Dehumidify Setpoint,True,2,"[2, 122, 15, 83]","['sp', 'supply', 'air', 'dehumidify']",
371,468,Water Flow,True,5,"[1, 16, 7]","['sensor', 'water', 'flow']",
372,469,Reheat Coil Discharge Air Temperature Setpoint,True,1,"[2, 36, 15, 4, 44, 250]","['sp', 'discharge', 'air', 'temp', 'reheats', 'coil']",
373,470,Exhaust Air Differential Temperature,True,1,"[1, 2, 4, 65, 58]","['sensor', 'sp', 'temp', 'exhaust', 'delta']",
374,471,Hot Water Supply Flow Setpoint,True,5,"[2, 16, 48, 39, 7]","['sp', 'water', 'hot', 'leaving', 'flow']",
375,472,Max Air Temperature Setpoint Limit,True,1,"[2, 118, 60, 15, 4]","['sp', 'limit', 'max', 'air', 'temp']",
376,473,Average Electric Current,True,28,"[213, 78, 10, 1]","['avg', 'current', 'elec', 'sensor']",
377,474,Average Electric Voltage,True,30,"[213, 10, 1, 80]","['avg', 'elec', 'sensor', 'volt']",
378,475,Average Neutral Voltage,True,30,"[213, 10, 234, 1, 80]","['avg', 'elec', 'neutralVoltage', 'sensor', 'volt']",
379,476,Average Supply Air Temperature,True,1,"[15, 213, 1, 122, 4]","['air', 'avg', 'sensor', 'supply', 'temp']",
380,478,Brightness Level,True,23,"[77, 1]","['level', 'sensor']",
381,479,Building Air Static Pressure,True,37,"[15, 214, 6, 1]","['air', 'building', 'pressure', 'sensor']",
382,480,Building Air Static Pressure Setpoint,True,37,"[15, 214, 6, 2]","['air', 'building', 'pressure', 'sp']",
383,698,Bypass Damper Position Sensor,True,11,"[32, 11, 1]","['bypass', 'damper', 'sensor']",
384,481,Bypass Return Air Temperature,True,1,"[15, 32, 63, 1, 4]","['air', 'bypass', 'return', 'sensor', 'temp']",
385,482,Bypass Valve Position,True,7,"[32, 3, 13]","['bypass', 'cmd', 'valve']",
386,483,Bypass Valve Position Sensor,True,7,"[32, 1, 13]","['bypass', 'sensor', 'valve']",
387,477,Charge Level,True,23,"[215, 77, 1]","['charge', 'level', 'sensor']",
388,484,Chilled Water Bypass Valve Position Sensor,True,7,"[32, 49, 1, 13, 16]","['bypass', 'chilled', 'sensor', 'valve', 'water']",
389,485,Chilled Water Isolation Valve Command,True,15,"[49, 3, 34, 13, 16]","['chilled', 'cmd', 'isolation', 'valve', 'water']",
390,486,Chilled Water Isolation Valve Position Sensor,True,7,"[49, 34, 1, 13, 16]","['chilled', 'isolation', 'sensor', 'valve', 'water']",
391,487,Chilled Water Isolation Valve Status,True,15,"[49, 34, 1, 13, 16]","['chilled', 'isolation', 'sensor', 'valve', 'water']",
392,488,Chilled Water Return Flow Status,True,11,"[49, 40, 7, 1, 16]","['chilled', 'entering', 'flow', 'sensor', 'water']",
393,489,Chilled Water Return Isolation Valve Command,True,15,"[49, 3, 40, 34, 13, 16]","['chilled', 'cmd', 'entering', 'isolation', 'valve', 'water']",
394,490,Chilled Water Return Isolation Valve Position Sensor,True,7,"[49, 40, 34, 1, 13, 16]","['chilled', 'entering', 'isolation', 'sensor', 'valve', 'water']",
395,491,Chilled Water Return Isolation Valve Status,True,15,"[49, 40, 34, 1, 13, 16]","['chilled', 'entering', 'isolation', 'sensor', 'valve', 'water']",
396,506,Chilled Water Return Pressure Setpoint,True,3,"[49, 40, 6, 2, 16]","['chilled', 'entering', 'pressure', 'sp', 'water']",
397,492,Chilled Water Supply Isolation Valve Command,True,15,"[49, 3, 34, 39, 13, 16]","['chilled', 'cmd', 'isolation', 'leaving', 'valve', 'water']",
398,493,Chilled Water Supply Isolation Valve Position Sensor,True,7,"[49, 34, 39, 1, 13, 16]","['chilled', 'isolation', 'leaving', 'sensor', 'valve', 'water']",
399,494,Chilled Water Supply Isolation Valve Status,True,15,"[49, 34, 39, 1, 13, 16]","['chilled', 'isolation', 'leaving', 'sensor', 'valve', 'water']",
400,495,Chilled Water Valve Command,True,15,"[49, 3, 13, 16]","['chilled', 'cmd', 'valve', 'water']",
401,496,Chilled Water Valve Failure Status,True,11,"[87, 49, 223, 1, 13, 16]","['alarm', 'chilled', 'failure', 'sensor', 'valve', 'water']",
402,497,Chilled Water Valve Position Sensor,True,7,"[49, 1, 13, 16]","['chilled', 'sensor', 'valve', 'water']",
403,689,Cold Deck Air Temperature,True,1,"[15, 217, 1, 4]","['air', 'coldDeck', 'sensor', 'temp']",
404,687,Communication Loss Alarm,True,11,"[87, 218, 1]","['alarm', 'communication', 'sensor']",
405,685,Communication Status,True,11,"[218, 1]","['communication', 'sensor']",
406,675,Compressor Command,True,11,"[3, 219, 19]","['cmd', 'compressor', 'run']",
407,678,Compressor Speed,True,17,"[3, 219, 12]","['cmd', 'compressor', 'speed']",
408,677,Compressor Speed Sensor,True,17,"[219, 1, 12]","['compressor', 'sensor', 'speed']",
409,676,Compressor Status,True,11,"[219, 19, 1]","['compressor', 'run', 'sensor']",
410,498,Condenser Water Bypass Valve Position Sensor,True,7,"[32, 124, 1, 13, 16]","['bypass', 'condenserWater', 'sensor', 'valve', 'water']",
411,499,Condenser Water Isolation Valve Command,True,15,"[3, 124, 34, 13, 16]","['cmd', 'condenserWater', 'isolation', 'valve', 'water']",
412,500,Condenser Water Isolation Valve Position Sensor,True,7,"[124, 34, 1, 13, 16]","['condenserWater', 'isolation', 'sensor', 'valve', 'water']",
413,501,Condenser Water Isolation Valve Status,True,15,"[124, 34, 1, 13, 16]","['condenserWater', 'isolation', 'sensor', 'valve', 'water']",
414,502,Condenser Water Return Isolation Valve Command,True,15,"[3, 124, 40, 34, 13, 16]","['cmd', 'condenserWater', 'entering', 'isolation', 'valve', 'water']",
415,503,Condenser Water Return Isolation Valve Position,True,7,"[3, 124, 40, 34, 13, 16]","['cmd', 'condenserWater', 'entering', 'isolation', 'valve', 'water']",
416,504,Condenser Water Return Isolation Valve Position Sensor,True,7,"[124, 40, 34, 1, 13, 16]","['condenserWater', 'entering', 'isolation', 'sensor', 'valve', 'water']",
417,505,Condenser Water Return Isolation Valve Status,True,15,"[124, 40, 34, 1, 13, 16]","['condenserWater', 'entering', 'isolation', 'sensor', 'valve', 'water']",
418,507,Condenser Water Supply Flow Status,True,11,"[124, 7, 39, 1, 16]","['condenserWater', 'flow', 'leaving', 'sensor', 'water']",
419,508,Condenser Water Supply Isolation Valve Command,True,15,"[3, 124, 34, 39, 13, 16]","['cmd', 'condenserWater', 'isolation', 'leaving', 'valve', 'water']",
420,509,Condenser Water Supply Isolation Valve Position,True,7,"[3, 124, 34, 39, 13, 16]","['cmd', 'condenserWater', 'isolation', 'leaving', 'valve', 'water']",
421,510,Condenser Water Supply Isolation Valve Position Sensor,True,7,"[124, 34, 39, 1, 13, 16]","['condenserWater', 'isolation', 'leaving', 'sensor', 'valve', 'water']",
422,511,Condenser Water Supply Isolation Valve Status,True,15,"[124, 34, 39, 1, 13, 16]","['condenserWater', 'isolation', 'leaving', 'sensor', 'valve', 'water']",
423,512,Condenser Water Valve Position Sensor,True,7,"[124, 1, 13, 16]","['condenserWater', 'sensor', 'valve', 'water']",
424,513,Cooling Air Damper Position,True,7,"[15, 3, 50, 11]","['air', 'cmd', 'cooling', 'damper']",
425,514,Cooling Air Flow,True,4,"[15, 50, 7, 1]","['air', 'cooling', 'flow', 'sensor']",
426,515,Cooling Air Flow Setpoint,True,4,"[15, 50, 7, 2]","['air', 'cooling', 'flow', 'sp']",
427,516,Cooling Coil Discharge Air Temperature Setpoint,True,1,"[15, 50, 36, 2, 4, 250]","['air', 'cooling', 'discharge', 'sp', 'temp', 'coil']",
428,517,Cooling Coil Valve Command,True,15,"[3, 50, 13, 250]","['cmd', 'cooling', 'valve', 'coil']",
429,519,Cooling Request,True,57,"[50, 240, 1]","['cooling', 'request', 'sensor']",
430,520,Cooling Status,True,11,"[50, 1]","['cooling', 'sensor']",
431,524,Dehumidification Command,True,11,"[3, 83]","['cmd', 'dehumidify']",
432,694,Dial Resistance,True,54,"[10, 241, 1]","['elec', 'resistance', 'sensor']",
433,525,Discharge Air Damper Command,True,15,"[15, 3, 11, 36]","['air', 'cmd', 'damper', 'discharge']",
434,526,Discharge Air Damper Position Sensor,True,7,"[15, 11, 36, 1]","['air', 'damper', 'discharge', 'sensor']",
435,527,Discharge Air Flow Status,True,11,"[15, 36, 7, 1]","['air', 'discharge', 'flow', 'sensor']",
436,528,Discharge Air Heating Command,True,11,"[15, 3, 36, 51]","['air', 'cmd', 'discharge', 'heating']",
437,529,Discharge Air Linear Velocity,True,38,"[15, 36, 115, 1]","['air', 'discharge', 'linearVelocity', 'sensor']",
438,531,Door Position Status,True,15,[1],['sensor'],
439,532,Efficiency,True,23,"[221, 1]","['efficiency', 'sensor']",
440,533,Exhaust Air Damper Command,True,15,"[15, 3, 11, 65]","['air', 'cmd', 'damper', 'exhaust']",
441,534,Exhaust Air Damper Position Sensor,True,7,"[15, 11, 65, 1]","['air', 'damper', 'exhaust', 'sensor']",
442,699,Exhaust Air Isolation Damper Command,True,15,"[15, 3, 11, 65, 34]","['air', 'cmd', 'damper', 'exhaust', 'isolation']",
443,700,Exhaust Air Isolation Damper Status,True,15,"[15, 11, 65, 34, 1]","['air', 'damper', 'exhaust', 'isolation', 'sensor']",
444,535,Extent Level,True,23,"[3, 222, 77]","['cmd', 'extent', 'level']",
445,536,Filter Differential Pressure Status,True,11,"[58, 27, 6, 1]","['delta', 'filter', 'pressure', 'sensor']",
446,537,Fire Alarm,True,11,"[87, 224, 1]","['alarm', 'fire', 'sensor']",
447,538,Flue Gas Temperature,True,1,"[225, 121, 1, 4]","['flue', 'gas', 'sensor', 'temp']",
448,539,Gas Leak Detection Alarm,True,11,"[87, 121, 230, 1]","['alarm', 'gas', 'leak', 'sensor']",
449,540,Gas Temperature,True,1,"[121, 1, 4]","['gas', 'sensor', 'temp']",
450,541,Glycol Supply Pressure,True,3,"[66, 39, 6, 1]","['glycol', 'leaving', 'pressure', 'sensor']",
451,683,Heater Command,True,11,"[3, 226]","['cmd', 'heater']",
452,684,Heater Status,True,11,"[226, 1]","['heater', 'sensor']",
453,542,Heating Air Damper Position,True,7,"[15, 3, 11, 51]","['air', 'cmd', 'damper', 'heating']",
454,543,Heating Air Flow,True,4,"[15, 7, 51, 1]","['air', 'flow', 'heating', 'sensor']",
455,544,Heating Air Flow Setpoint,True,4,"[15, 7, 51, 2]","['air', 'flow', 'heating', 'sp']",
456,545,Heating Request,True,57,"[51, 240, 1]","['heating', 'request', 'sensor']",
457,547,High Speed Command,True,11,"[3, 227, 12]","['cmd', 'high', 'speed']",
458,690,Hot Deck Air Temperature,True,1,"[15, 228, 1, 4]","['air', 'hotDeck', 'sensor', 'temp']",
459,701,Hot Water Return Isolation Valve Command,True,15,"[3, 40, 48, 34, 13, 16]","['cmd', 'entering', 'hot', 'isolation', 'valve', 'water']",
460,702,Hot Water Return Isolation Valve Position,True,7,"[3, 40, 48, 34, 13, 16]","['cmd', 'entering', 'hot', 'isolation', 'valve', 'water']",
461,703,Hot Water Return Isolation Valve Position Sensor,True,7,"[40, 48, 34, 1, 13, 16]","['entering', 'hot', 'isolation', 'sensor', 'valve', 'water']",
462,704,Hot Water Supply Isolation Valve Command,True,15,"[3, 48, 34, 39, 13, 16]","['cmd', 'hot', 'isolation', 'leaving', 'valve', 'water']",
463,705,Hot Water Supply Isolation Valve Position,True,7,"[3, 48, 34, 39, 13, 16]","['cmd', 'hot', 'isolation', 'leaving', 'valve', 'water']",
464,706,Hot Water Supply Isolation Valve Position Sensor,True,7,"[48, 34, 39, 1, 13, 16]","['hot', 'isolation', 'leaving', 'sensor', 'valve', 'water']",
465,548,Hot Water Valve Command,True,15,"[3, 48, 13, 16]","['cmd', 'hot', 'valve', 'water']",
466,549,Hot Water Valve Position Sensor,True,7,"[48, 1, 13, 16]","['hot', 'sensor', 'valve', 'water']",
467,550,Humidification Command,True,11,"[3, 52]","['cmd', 'humidify']",
468,551,Humidification Percentage Command,True,2,"[3, 52]","['cmd', 'humidify']",
469,552,Humidification Percentage Status,True,2,"[52, 1]","['humidify', 'sensor']",
470,553,Humidification Status,True,11,"[5, 1]","['humidity', 'sensor']",
471,554,Illuminance Sensor,True,52,"[229, 1]","['illuminance', 'sensor']",
472,707,Illuminance Setpoint,True,52,"[229, 2]","['illuminance', 'sp']",
473,555,Isolation Damper Command,True,15,"[3, 11, 34]","['cmd', 'damper', 'isolation']",
474,556,Isolation Damper Position Sensor,True,7,"[11, 34, 1]","['damper', 'isolation', 'sensor']",
475,557,Isolation Valve Command,True,15,"[3, 34, 13]","['cmd', 'isolation', 'valve']",
476,558,Isolation Valve Position,True,7,"[3, 34, 13]","['cmd', 'isolation', 'valve']",
477,559,Isolation Valve Position Sensor,True,7,"[34, 1, 13]","['isolation', 'sensor', 'valve']",
478,560,Loop Differential Pressure,True,3,"[58, 238, 6, 1]","['delta', 'plantLoop', 'pressure', 'sensor']",
479,688,Low Battery Alarm,True,11,"[87, 120, 231, 1]","['alarm', 'battery', 'low', 'sensor']",
480,561,Low Differential Pressure Alarm,True,11,"[87, 58, 231, 6, 1]","['alarm', 'delta', 'low', 'pressure', 'sensor']",
481,562,Low Discharge Air Flow Alarm,True,11,"[15, 87, 36, 7, 231, 1]","['air', 'alarm', 'discharge', 'flow', 'low', 'sensor']",
482,564,Low Speed Command,True,11,"[3, 231, 12]","['cmd', 'low', 'speed']",
483,708,Maintenance Alarm,True,11,"[232, 1]","['maintenance', 'sensor']",
484,565,Makeup Water Flow,True,5,"[7, 67, 1, 16]","['flow', 'makeup', 'sensor', 'water']",
485,566,Makeup Water Valve Position,True,7,"[3, 67, 13, 16]","['cmd', 'makeup', 'valve', 'water']",
486,567,Master Alarm,True,11,"[87, 1]","['alarm', 'sensor']",
487,679,Max Cooling Temperature Setpoint Limit,True,1,"[50, 118, 60, 2, 4]","['cooling', 'limit', 'max', 'sp', 'temp']",
488,680,Max Heating Temperature Setpoint Limit,True,1,"[51, 118, 60, 2, 4]","['heating', 'limit', 'max', 'sp', 'temp']",
489,568,Max Valve Position Setpoint Limit,True,7,"[118, 60, 2, 13]","['limit', 'max', 'sp', 'valve']",
490,569,Medium Speed Command,True,11,"[3, 12]","['cmd', 'speed']",
491,681,Min Cooling Temperature Setpoint Limit,True,1,"[50, 118, 61, 2, 4]","['cooling', 'limit', 'min', 'sp', 'temp']",
492,686,Min Differential Temperature Setpoint Limit,True,1,"[58, 118, 61, 2, 4]","['delta', 'limit', 'min', 'sp', 'temp']",
493,682,Min Heating Temperature Setpoint Limit,True,1,"[51, 118, 61, 2, 4]","['heating', 'limit', 'min', 'sp', 'temp']",
494,571,Min Outside Air Damper Position,True,7,"[15, 3, 11, 24, 61]","['air', 'cmd', 'damper', 'outside', 'min']",
495,570,Min Valve Position Setpoint Limit,True,7,"[118, 61, 2, 13]","['limit', 'min', 'sp', 'valve']",
496,572,Min Water Flow Setpoint Limit,True,5,"[7, 118, 61, 2, 16]","['flow', 'limit', 'min', 'sp', 'water']",
497,573,Mixed Air Dew Point Temperature,True,1,"[15, 82, 26, 1, 4]","['air', 'dewPoint', 'mixed', 'sensor', 'temp']",
498,709,Mixing Valve Position Sensor,True,7,"[33, 1, 13]","['mixing', 'sensor', 'valve']",
499,674,Motion Status,True,11,"[233, 1]","['motion', 'sensor']",
500,575,Occupied Discharge Air Flow,True,4,"[15, 36, 7, 55, 1]","['air', 'discharge', 'flow', 'occ', 'sensor']",
501,576,Occupied Supply Air Flow,True,4,"[15, 7, 55, 1, 122]","['air', 'flow', 'occ', 'sensor', 'supply']",
502,577,Outside Air Damper Command,True,15,"[15, 3, 11, 24]","['air', 'cmd', 'damper', 'outside']",
503,578,Outside Air Damper Position Sensor,True,7,"[15, 11, 24, 1]","['air', 'damper', 'outside', 'sensor']",
504,710,Outside Air Isolation Damper Command,True,15,"[15, 3, 11, 34, 24]","['air', 'cmd', 'damper', 'isolation', 'outside']",
505,711,Outside Air Isolation Damper Status,True,15,"[15, 11, 34, 24, 1]","['air', 'damper', 'isolation', 'outside', 'sensor']",
506,580,Phase1 Apparent Power,True,21,"[75, 10, 235, 21, 1]","['apparent', 'elec', 'phase1', 'power', 'sensor']",
507,581,Phase1 Electric Current,True,28,"[78, 10, 235, 1]","['current', 'elec', 'phase1', 'sensor']",
508,582,Phase1 Neutral Voltage,True,30,"[10, 234, 235, 1, 80]","['elec', 'neutralVoltage', 'phase1', 'sensor', 'volt']",
509,583,Phase1 Power Factor,True,33,"[10, 84, 235, 1]","['elec', 'pf', 'phase1', 'sensor']",
510,584,Phase1 Real Power,True,13,"[73, 10, 235, 21, 1]","['active', 'elec', 'phase1', 'power', 'sensor']",
511,696,Phase1-2 Electric Voltage,True,30,"[10, 235, 236, 1, 80]","['elec', 'phase1', 'phase2', 'sensor', 'volt']",
512,697,Phase1-3 Electric Voltage,True,30,"[10, 235, 237, 1, 80]","['elec', 'phase1', 'phase3', 'sensor', 'volt']",
513,585,Phase2 Apparent Power,True,21,"[75, 10, 236, 21, 1]","['apparent', 'elec', 'phase2', 'power', 'sensor']",
514,586,Phase2 Electric Current,True,28,"[78, 10, 236, 1]","['current', 'elec', 'phase2', 'sensor']",
515,587,Phase2 Neutral Voltage,True,30,"[10, 234, 236, 1, 80]","['elec', 'neutralVoltage', 'phase2', 'sensor', 'volt']",
516,588,Phase2 Power Factor,True,33,"[10, 84, 236, 1]","['elec', 'pf', 'phase2', 'sensor']",
517,589,Phase2 Real Power,True,13,"[73, 10, 236, 21, 1]","['active', 'elec', 'phase2', 'power', 'sensor']",
518,695,Phase2-3 Electric Voltage,True,30,"[10, 236, 237, 1, 80]","['elec', 'phase2', 'phase3', 'sensor', 'volt']",
519,590,Phase3 Apparent Power,True,21,"[75, 10, 237, 21, 1]","['apparent', 'elec', 'phase3', 'power', 'sensor']",
520,591,Phase3 Electric Current,True,28,"[78, 10, 237, 1]","['current', 'elec', 'phase3', 'sensor']",
521,592,Phase3 Neutral Voltage,True,30,"[10, 234, 237, 1, 80]","['elec', 'neutralVoltage', 'phase3', 'sensor', 'volt']",
522,593,Phase3 Power Factor,True,33,"[10, 84, 237, 1]","['elec', 'pf', 'phase3', 'sensor']",
523,594,Phase3 Real Power,True,13,"[73, 10, 237, 21, 1]","['active', 'elec', 'phase3', 'power', 'sensor']",
524,595,Power Loss Alarm,True,11,"[87, 21, 1]","['alarm', 'power', 'sensor']",
525,596,Preheat Valve Command,True,15,"[3, 43, 13]","['cmd', 'preHeat', 'valve']",
526,597,Pressurization Request,True,57,"[6, 240, 1]","['pressure', 'request', 'sensor']",
527,598,Primary Return Water Temperature,True,1,"[40, 146, 1, 4, 16]","['entering', 'primaryLoop', 'sensor', 'temp', 'water']",
528,599,Primary Supply Water Temperature,True,1,"[39, 146, 1, 4, 16]","['leaving', 'primaryLoop', 'sensor', 'temp', 'water']",
529,600,Process Water Differential Pressure,True,3,"[58, 6, 239, 1, 16]","['delta', 'pressure', 'processWater', 'sensor', 'water']",
530,601,Process Water Differential Pressure Setpoint,True,3,"[58, 6, 239, 2, 16]","['delta', 'pressure', 'processWater', 'sp', 'water']",
531,602,Process Water Flow,True,5,"[7, 239, 1, 16]","['flow', 'processWater', 'sensor', 'water']",
532,603,Process Water Flow Setpoint,True,5,"[7, 239, 2, 16]","['flow', 'processWater', 'sp', 'water']",
533,604,Process Water Isolation Valve Position,True,7,"[3, 34, 239, 13, 16]","['cmd', 'isolation', 'processWater', 'valve', 'water']",
534,605,Process Water Return Temperature,True,1,"[40, 239, 1, 4, 16]","['entering', 'processWater', 'sensor', 'temp', 'water']",
535,606,Process Water Supply Temperature,True,1,"[39, 239, 1, 4, 16]","['leaving', 'processWater', 'sensor', 'temp', 'water']",
536,607,Process Water Supply Temperature Setpoint,True,1,"[39, 239, 2, 4, 16]","['leaving', 'processWater', 'sp', 'temp', 'water']",
537,608,Process Water Thermal Power,True,13,"[21, 239, 1, 246, 16]","['power', 'processWater', 'sensor', 'thermal', 'water']",
538,609,Process Water Valve Position,True,7,"[3, 239, 13, 16]","['cmd', 'processWater', 'valve', 'water']",
539,693,Production Differential Pressure,True,3,"[58, 6, 1]","['delta', 'pressure', 'sensor']",
540,610,Refrigerant Evaporator Pressure,True,3,"[98, 6, 18, 1]","['evaporator', 'pressure', 'refrig', 'sensor']",
541,611,Refrigerant Evaporator Saturation Temperature,True,1,"[98, 18, 243, 1, 4]","['evaporator', 'refrig', 'saturation', 'sensor', 'temp']",
542,612,Refrigerant Saturation Temperature,True,1,"[18, 243, 1, 4]","['refrig', 'saturation', 'sensor', 'temp']",
543,613,Refrigerant Suction Temperature,True,1,"[18, 1, 245, 4]","['refrig', 'sensor', 'suction', 'temp']",
544,614,Reheat Valve Position Sensor,True,7,"[44, 1, 13]","['reheats', 'sensor', 'valve']",
545,615,Return Air Cooling Temperature Setpoint,True,1,"[15, 50, 63, 2, 4]","['air', 'cooling', 'return', 'sp', 'temp']",
546,616,Return Air Damper Command,True,15,"[15, 3, 11, 63]","['air', 'cmd', 'damper', 'return']",
547,712,Return Air Damper Position Sensor,True,7,"[15, 11, 63, 1]","['air', 'damper', 'return', 'sensor']",
548,617,Return Air Heating Temperature Setpoint,True,1,"[15, 51, 63, 2, 4]","['air', 'heating', 'return', 'sp', 'temp']",
549,618,Return Air High Humidity Alarm,True,11,"[15, 87, 227, 5, 63, 1]","['air', 'alarm', 'high', 'humidity', 'return', 'sensor']",
550,546,Return Air High Temperature Alarm,True,11,"[15, 87, 227, 63, 1, 4]","['air', 'alarm', 'high', 'return', 'sensor', 'temp']",
551,620,Return Air Low Humidity Alarm,True,11,"[15, 87, 5, 231, 63, 1]","['air', 'alarm', 'humidity', 'low', 'return', 'sensor']",
552,563,Return Air Low Temperature Alarm,True,11,"[15, 87, 231, 63, 1, 4]","['air', 'alarm', 'low', 'return', 'sensor', 'temp']",
553,621,Return Water Isolation Valve Command,True,15,"[3, 40, 34, 13, 16]","['cmd', 'entering', 'isolation', 'valve', 'water']",
554,622,Return Water Isolation Valve Position,True,7,"[3, 40, 34, 13, 16]","['cmd', 'entering', 'isolation', 'valve', 'water']",
555,623,Return Water Isolation Valve Position Sensor,True,7,"[40, 34, 1, 13, 16]","['entering', 'isolation', 'sensor', 'valve', 'water']",
556,624,Return Water Isolation Valve Status,True,15,"[40, 34, 1, 13, 16]","['entering', 'isolation', 'sensor', 'valve', 'water']",
557,626,Return Water Temperature Setpoint,True,1,"[40, 2, 4, 16]","['entering', 'sp', 'temp', 'water']",
558,627,Return Water Valve Command,True,15,"[3, 40, 13, 16]","['cmd', 'entering', 'valve', 'water']",
559,628,Return Water Valve Position,True,7,"[3, 40, 13, 16]","['cmd', 'entering', 'valve', 'water']",
560,629,Return Water Valve Postion Sensor,True,7,"[40, 1, 13, 16]","['entering', 'sensor', 'valve', 'water']",
561,630,Return Water Valve Status,True,15,"[40, 1, 13, 16]","['entering', 'sensor', 'valve', 'water']",
562,631,Reversing Valve Command,True,15,"[3, 242, 13]","['cmd', 'reverse', 'valve']",
563,691,Scene Command,True,11,"[3, 244]","['cmd', 'scene']",
564,632,Secondary Return Water Temperature,True,1,"[40, 147, 1, 4, 16]","['entering', 'secondaryLoop', 'sensor', 'temp', 'water']",
565,633,Secondary Supply Water Temperature,True,1,"[39, 147, 1, 4, 16]","['leaving', 'secondaryLoop', 'sensor', 'temp', 'water']",
566,635,Speed Mode,True,26,"[3, 81, 12]","['cmd', 'enum', 'speed']",
567,636,Speed Sensor,True,17,"[1, 12]","['sensor', 'speed']",
568,637,Supply Air Damper Command,True,15,"[15, 3, 11, 122]","['air', 'cmd', 'damper', 'supply']",
569,638,Supply Air Damper Position Sensor,True,7,"[15, 11, 1, 122]","['air', 'damper', 'sensor', 'supply']",
570,639,Supply Air Dew Point Temperature,True,1,"[15, 82, 1, 122, 4]","['air', 'dewPoint', 'sensor', 'supply', 'temp']",
571,640,Supply Air Dew Point Temperature Setpoint,True,1,"[15, 82, 2, 122, 4]","['air', 'dewPoint', 'sp', 'supply', 'temp']",
572,641,Supply Air Humidify Setpoint,True,2,"[15, 52, 2, 122]","['air', 'humidify', 'sp', 'supply']",
573,642,Supply Air Isolation Damper Closed Status,True,15,"[15, 11, 34, 1, 122]","['air', 'damper', 'isolation', 'sensor', 'supply']",
574,643,Supply Air Isolation Damper Command,True,15,"[15, 3, 11, 34, 122]","['air', 'cmd', 'damper', 'isolation', 'supply']",
575,644,Supply Air Isolation Damper Open Status,True,15,"[15, 11, 34, 1, 122]","['air', 'damper', 'isolation', 'sensor', 'supply']",
576,645,Supply Air Isolation Damper Status,True,15,"[15, 11, 34, 1, 122]","['air', 'damper', 'isolation', 'sensor', 'supply']",
577,646,Supply Water Flow,True,5,"[7, 39, 1, 16]","['flow', 'leaving', 'sensor', 'water']",
578,647,Supply Water Isolation Valve Command,True,15,"[3, 34, 39, 13, 16]","['cmd', 'isolation', 'leaving', 'valve', 'water']",
579,648,Supply Water Isolation Valve Position,True,7,"[3, 34, 39, 13, 16]","['cmd', 'isolation', 'leaving', 'valve', 'water']",
580,649,Supply Water Isolation Valve Position Sensor,True,7,"[34, 39, 1, 13, 16]","['isolation', 'leaving', 'sensor', 'valve', 'water']",
581,650,Supply Water Isolation Valve Status,True,15,"[34, 39, 1, 13, 16]","['isolation', 'leaving', 'sensor', 'valve', 'water']",
582,651,Supply Water Temperature Setpoint,True,1,"[39, 2, 4, 16]","['leaving', 'sp', 'temp', 'water']",
583,652,Supply Water Valve Command,True,15,"[3, 39, 13, 16]","['cmd', 'leaving', 'valve', 'water']",
584,713,Supply Water Valve Position,True,7,"[3, 39, 13, 16]","['cmd', 'leaving', 'valve', 'water']",
585,714,Supply Water Valve Position Sensor,True,7,"[39, 1, 13, 16]","['leaving', 'sensor', 'valve', 'water']",
586,653,Supply Water Valve Status,True,15,"[39, 1, 13, 16]","['leaving', 'sensor', 'valve', 'water']",
587,654,Thermal Power,True,13,"[21, 1, 246]","['power', 'sensor', 'thermal']",
588,655,Tilt Level,True,23,"[3, 77, 247]","['cmd', 'level', 'tilt']",
589,656,Unoccupied Discharge Air Flow,True,4,"[15, 36, 7, 1, 56]","['air', 'discharge', 'flow', 'sensor', 'unocc']",
590,657,Unoccupied Exhaust Air Flow,True,4,"[15, 65, 7, 1, 56]","['air', 'exhaust', 'flow', 'sensor', 'unocc']",
591,658,Unoccupied Supply Air Flow,True,4,"[15, 7, 1, 122, 56]","['air', 'flow', 'sensor', 'supply', 'unocc']",
592,659,Ventilation Outside Air Flow,True,4,"[15, 7, 24, 1, 248]","['air', 'flow', 'outside', 'sensor', 'ventiltation']",
593,660,Ventilation Outside Air Damper Position,True,7,"[15, 3, 11, 24, 248]","['air', 'cmd', 'damper', 'outside', 'ventiltation']",
594,661,Ventilation Outside Air Flow Setpoint,True,4,"[15, 7, 24, 2, 248]","['air', 'flow', 'outside', 'sp', 'ventiltation']",
595,662,Water Leak Detection Alarm,True,11,"[87, 230, 1, 16]","['alarm', 'leak', 'sensor', 'water']",
596,663,Zone Carbon Monoxide,True,6,"[216, 1, 62]","['co', 'sensor', 'zone']",
597,664,Zone Carbon Monoxide Setpoint,True,6,"[216, 2, 62]","['co', 'sp', 'zone']",
598,665,Zone Deadband Temperature Setpoint,True,1,"[220, 2, 4, 62]","['deadband', 'sp', 'temp', 'zone']",
599,666,Zone Dehumidify Setpoint,True,2,"[15, 83, 2, 62]","['air', 'dehumidify', 'sp', 'zone']",
600,667,Zone Humidify Setpoint,True,2,"[15, 52, 2, 62]","['air', 'humidify', 'sp', 'zone']",
601,668,Zone Refrigerant,True,6,"[18, 1, 62]","['refrig', 'sensor', 'zone']",
602,669,Zone Refrigerant Setpoint,True,6,"[18, 2, 62]","['refrig', 'sp', 'zone']",
603,692,Zone Scene Command,True,11,"[3, 244, 62]","['cmd', 'scene', 'zone']",
604,670,Zone VOC,True,6,"[1, 249, 62]","['sensor', 'tvoc', 'zone']",
605,671,Zone VOC Level,True,23,"[77, 1, 249, 62]","['level', 'sensor', 'tvoc', 'zone']",
606,672,Zone VOC Level Setpoint,True,23,"[77, 2, 249, 62]","['level', 'sp', 'tvoc', 'zone']",
607,673,Zone VOC Setpoint,True,6,"[2, 249, 62]","['sp', 'tvoc', 'zone']",
608,715,Return Air Lockout Temperature Setpoint,True,1,"[2, 15, 63, 117, 4]","['sp', 'air', 'return', 'lockout', 'temp']",
609,716,High Discharge Air Flow Alarm,True,11,"[1, 87, 15, 36, 227, 7]","['sensor', 'alarm', 'air', 'discharge', 'high', 'flow']",
610,737,Preheat Coil Entering Air Temperature,True,1,"[15, 1, 4, 43, 40, 250]","['air', 'sensor', 'temp', 'preHeat', 'entering', 'coil']",
611,740,Heating Coil Valve Command,True,15,"[15, 3, 13, 51, 250]","['air', 'cmd', 'valve', 'heating', 'coil']",
612,718,Bypass Damper Command,True,15,"[3, 11, 32, 15]","['cmd', 'damper', 'bypass', 'air']",
613,719,Bypass Damper Status,True,15,"[1, 11, 32, 15]","['sensor', 'damper', 'bypass', 'air']",
614,720,Bypass Valve Command,True,15,"[3, 13, 32]","['cmd', 'valve', 'bypass']",
615,721,Bypass Valve Status,True,15,"[1, 13, 32]","['sensor', 'valve', 'bypass']",
616,717,Electrical Resistance,True,54,"[1, 10, 241]","['sensor', 'elec', 'resistance']",
617,724,Max Chilled Water Temperature Setpoint Limit,True,1,"[2, 118, 60, 49, 16, 4]","['sp', 'limit', 'max', 'chilled', 'water', 'temp']",
618,723,Max Condenser Water Temperature Setpoint Limit,True,1,"[2, 118, 60, 124, 16, 4]","['sp', 'limit', 'max', 'condenserWater', 'water', 'temp']",
619,726,Max Discharge Air Temperature Setpoint Limit,True,1,"[2, 118, 60, 4, 15, 36]","['sp', 'limit', 'max', 'temp', 'air', 'discharge']",
620,725,Max Hot Water Temperature Setpoint Limit,True,1,"[2, 118, 60, 16, 4, 48]","['sp', 'limit', 'max', 'water', 'temp', 'hot']",
621,727,Max Return Air Temperature Setpoint Limit,True,1,"[2, 118, 60, 4, 15, 63]","['sp', 'limit', 'max', 'temp', 'air', 'return']",
622,728,Max Supply Air Temperature Setpoint Limit,True,1,"[2, 118, 60, 4, 15, 122]","['sp', 'limit', 'max', 'temp', 'air', 'supply']",
623,722,Max Water Temperature Setpoint Limit,True,1,"[2, 118, 60, 16, 4]","['sp', 'limit', 'max', 'water', 'temp']",
624,729,Min Air Temperature Setpoint Limit,True,1,"[2, 118, 61, 4, 15]","['sp', 'limit', 'min', 'temp', 'air']",
625,732,Min Chilled Water Temperature Setpoint Limit,True,1,"[2, 118, 61, 49, 16, 4]","['sp', 'limit', 'min', 'chilled', 'water', 'temp']",
626,731,Min Condenser Water Temperature Setpoint Limit,True,1,"[2, 118, 61, 124, 16, 4]","['sp', 'limit', 'min', 'condenserWater', 'water', 'temp']",
627,734,Min Discharge Air Temperature Setpoint Limit,True,1,"[2, 118, 61, 4, 15, 36]","['sp', 'limit', 'min', 'temp', 'air', 'discharge']",
628,733,Min Hot Water Temperature Setpoint Limit,True,1,"[2, 118, 61, 16, 4, 48]","['sp', 'limit', 'min', 'water', 'temp', 'hot']",
629,735,Min Return Air Temperature Setpoint Limit,True,1,"[2, 118, 61, 4, 15, 63]","['sp', 'limit', 'min', 'temp', 'air', 'return']",
630,736,Min Supply Air Temperature Setpoint Limit,True,1,"[2, 118, 61, 4, 15, 122]","['sp', 'limit', 'min', 'temp', 'air', 'supply']",
631,730,Min Water Temperature Setpoint Limit,True,1,"[2, 118, 61, 16, 4]","['sp', 'limit', 'min', 'water', 'temp']",
632,738,Relief Air Flow,True,4,"[1, 15, 64, 7]","['sensor', 'air', 'relief', 'flow']",
633,739,Return Air Isolation Damper Command,True,15,"[3, 11, 15, 63, 34]","['cmd', 'damper', 'air', 'return', 'isolation']",
634,741,Heating Coil Discharge Air Temperature Setpoint,True,1,"[15, 36, 45, 2, 4, 250]","['air', 'discharge', 'heat', 'sp', 'temp', 'coil']",
635,742,Lighting Command,True,11,"[3, 109]","['cmd', 'lighting']",
636,743,Battery Status,True,11,"[1, 120]","['sensor', 'battery']",
637,744,Cooling Thermal Energy,True,14,"[1, 50, 246, 20]","['sensor', 'cooling', 'thermal', 'energy']",
638,745,Heating Thermal Energy,True,14,"[1, 51, 246, 20]","['sensor', 'heating', 'thermal', 'energy']",
639,746,Thermal Energy,True,14,"[1, 246, 20]","['sensor', 'thermal', 'energy']",
640,747,Heating Coil Valve Position Sensor,True,7,"[1, 13, 51, 250]","['sensor', 'valve', 'heating', 'coil']",
641,748,Cooling Coil Valve Position Sensor,True,7,"[1, 13, 250, 50]","['sensor', 'valve', 'coil', 'cooling']",
642,749,Supply Water Pressure,True,3,"[1, 39, 6]","['sensor', 'leaving', 'pressure']",
643,750,Return Water Pressure,True,3,"[1, 40, 6]","['sensor', 'entering', 'pressure']",
644,751,Water Flow Pulse,True,57,"[1, 7, 16]","['sensor', 'flow', 'water']",
645,752,Gas Flow Pulse,True,57,"[1, 7, 121]","['sensor', 'flow', 'gas']",
646,46,untagged,True,18,[],[],
